Question,Sampling Rate,Experiment ID,File Name,Status,Match (Rfty Code),Match (Ori Code),Buggy Code,Buggy Mutation,Refactored Correct Code,Original Correct File Name,Rule ID,Repair,Stru. Matching Time,Online Refactoring Time,GCR Time,Stru. Mutation Time,Block Mapping Time,Variable Mapping Time,Specification&Synthesis Time,Total Time,#Passed Test Case,#Test Case,RPS
question_10,100,0,wrong_10_28040.py,success_wo_mut,1,1,"def swap_keys_values ( d ) :
    d = dict ( ( ( v , k ) for ( k , v ) in list ( d . items ( ) ) ) )
    sd = sorted ( d . items ( ) )
    print ( sd )


","def swap_keys_values ( d ) :
    d = dict ( ( ( v , k ) for ( k , v ) in list ( d . items ( ) ) ) )
    sd = sorted ( d . items ( ) )
    print ( sd )


","def swap_keys_values ( d ) :
    new_dict = dict ( ( ( v , k ) for ( k , v ) in list ( d . items ( ) ) ) )
    return new_dict


",{'swap_keys_values': 'correct_10_30444.py'},{'swap_keys_values': ''},"def swap_keys_values ( d ) :
    k = dict ( ( ( sd , v ) for ( v , sd ) in list ( d . items ( ) ) ) )
    return k
",N/A,0.272,0.400,0.000,0.000,0.010,0.210,0.896,4,4,0.500
question_10,100,0,wrong_10_3826.py,success_wo_mut,1,1,"def swap_keys_values ( x ) :
    d = dict ( ( ( k , v ) for ( v , k ) in list ( x . items ( ) ) ) )
    return x


","def swap_keys_values ( x ) :
    d = dict ( ( ( k , v ) for ( v , k ) in list ( x . items ( ) ) ) )
    return x


","def swap_keys_values ( x ) :
    new_d = dict ( ( ( v , k ) for ( k , v ) in list ( x . items ( ) ) ) )
    return new_d


",{'swap_keys_values': 'correct_10_31608.py'},{'swap_keys_values': ''},"def swap_keys_values ( x ) :
    d = dict ( ( ( v , k ) for ( k , v ) in list ( x . items ( ) ) ) )
    return d
",N/A,0.189,0.180,0.000,0.000,0.009,0.187,0.569,4,4,0.217
question_10,100,0,wrong_10_38590.py,success_wo_mut,1,1,"def swap_keys_values ( d ) :
    new_dict = dict ( ( ( v , k ) for ( k , v ) in list ( d . items ( ) ) ) )


","def swap_keys_values ( d ) :
    new_dict = dict ( ( ( v , k ) for ( k , v ) in list ( d . items ( ) ) ) )


","def swap_keys_values ( d ) :
    new_dict = dict ( ( ( v , k ) for ( k , v ) in list ( d . items ( ) ) ) )
    return new_dict


",{'swap_keys_values': 'correct_10_30444.py'},{'swap_keys_values': ''},"def swap_keys_values ( d ) :
    new_dict = dict ( ( ( v , k ) for ( k , v ) in list ( d . items ( ) ) ) )
    return new_dict
",N/A,0.191,0.161,0.000,0.000,0.009,0.059,0.426,4,4,0.095
question_10,100,0,wrong_10_30891.py,success_wo_mut,1,1,"def swap_keys_values ( d ) :
    d = dict ( ( ( v , k ) for ( k , v ) in list ( d . items ( ) ) ) )
    d = sorted ( list ( d . items ( ) ) , key = ( lambda t : t [ 0 ] ) )
    print ( d )


","def swap_keys_values ( d ) :
    d = dict ( ( ( v , k ) for ( k , v ) in list ( d . items ( ) ) ) )
    d = sorted ( list ( d . items ( ) ) , key = ( lambda t : t [ 0 ] ) )
    print ( d )


","def swap_keys_values ( d ) :
    new_dict = dict ( ( ( v , k ) for ( k , v ) in list ( d . items ( ) ) ) )
    return new_dict


",{'swap_keys_values': 'correct_10_30444.py'},{'swap_keys_values': ''},"def swap_keys_values ( d ) :
    k = dict ( ( ( t , v ) for ( v , t ) in list ( d . items ( ) ) ) )
    return k
",N/A,0.185,0.530,0.000,0.000,0.009,0.195,0.924,4,4,0.610
question_10,100,0,wrong_10_38765.py,success_wo_mut,1,1,"def swap_keys_values ( dictionary ) :
    oldkeys = [ ]
    oldvalues = [ ]
    swappeddict = { }
    for key in dictionary :
        oldkeys . append ( list ( dictionary . keys ( ) ) )
        oldvalues . append ( list ( dictionary . values ( ) ) )
    for e in oldkeys :
        swappeddict [ oldvalues ] = oldkeys
    return swappeddict


","def swap_keys_values ( dictionary ) :
    oldkeys = [ ]
    oldvalues = [ ]
    swappeddict = { }
    for key in dictionary :
        oldkeys . append ( list ( dictionary . keys ( ) ) )
        oldvalues . append ( list ( dictionary . values ( ) ) )
    for e in oldkeys :
        swappeddict [ oldvalues ] = oldkeys
    return swappeddict


","def swap_keys_values ( d ) :
    a = [ ]
    d_2 = { }
    for entry in list ( d . items ( ) ) :
        swap = entry [ : : ( - 1 ) ]
        a . append ( swap )
    for ( k , v ) in a :
        d_2 [ k ] = v
    return d_2


",{'swap_keys_values': 'correct_10_42366.py'},{'swap_keys_values': ''},"def swap_keys_values ( dictionary ) :
    oldkeys = [ ]
    oldvalues = [ ]
    swappeddict = { }
    for ref_entry in list ( dictionary . items ( ) ) :
        ref_swap = ref_entry [ : : ( - 1 ) ]
        oldkeys . append ( ref_swap )
    for ( e , key ) in oldkeys :
        swappeddict [ e ] = key
    return swappeddict
",N/A,0.188,0.083,0.000,0.000,0.046,0.762,1.085,4,4,0.545
question_10,100,0,wrong_10_3503.py,success_wo_mut,1,1,"def swap_keys_values ( d ) :
    keys = list ( d . keys ( ) )
    values = list ( d . values ( ) )
    new = { }
    i = 0
    while ( i < len ( keys ) ) :
        new [ value [ i ] ] = keys [ i ]
        i = ( i + 1 )
    return new


","def swap_keys_values ( d ) :
    keys = list ( d . keys ( ) )
    values = list ( d . values ( ) )
    new = { }
    i = 0
    while ( i < len ( keys ) ) :
        new [ value [ i ] ] = keys [ i ]
        i = ( i + 1 )
    return new


","def swap_keys_values ( d ) :
    keys = list ( d . keys ( ) )
    values = list ( d . values ( ) )
    new = { }
    i = 0
    while ( i < len ( keys ) ) :
        val = values [ i ]
        key = keys [ i ]
        new [ val ] = key
        i = ( i + 1 )
    return new


",{'swap_keys_values': 'correct_10_37409.py'},{'swap_keys_values': ''},"def swap_keys_values ( d ) :
    keys = list ( d . keys ( ) )
    values = list ( d . values ( ) )
    new = { }
    i = 0
    while ( i < len ( keys ) ) :
        ref_val = values [ i ]
        ref_key = keys [ i ]
        new [ ref_val ] = ref_key
        i = ( i + 1 )
    return new
",N/A,0.190,0.025,0.000,0.000,0.051,44.615,44.888,4,4,0.229
question_10,100,0,wrong_10_10524.py,fail_exception,N/A,0,N/A,N/A,N/A,N/A,N/A,N/A,N/A,N/A,N/A,N/A,N/A,N/A,N/A,0.183,N/A,N/A,N/A
question_10,100,0,wrong_10_21778.py,success_wo_mut,1,1,"def swap_keys_values ( d ) :
    d = dict ( ( ( v , k ) for ( k , v ) in list ( d . items ( ) ) ) )
    new_dict = sorted ( list ( d . items ( ) ) , key = ( lambda t : t [ 0 ] ) )
    print ( new_dict )


","def swap_keys_values ( d ) :
    d = dict ( ( ( v , k ) for ( k , v ) in list ( d . items ( ) ) ) )
    new_dict = sorted ( list ( d . items ( ) ) , key = ( lambda t : t [ 0 ] ) )
    print ( new_dict )


","def swap_keys_values ( d ) :
    new_dict = dict ( ( ( v , k ) for ( k , v ) in list ( d . items ( ) ) ) )
    return new_dict


",{'swap_keys_values': 'correct_10_30444.py'},{'swap_keys_values': ''},"def swap_keys_values ( d ) :
    t = dict ( ( ( v , new_dict ) for ( new_dict , v ) in list ( d . items ( ) ) ) )
    return t
",N/A,0.182,0.516,0.000,0.000,0.010,0.196,0.910,4,4,0.537
question_10,100,0,wrong_10_38045.py,success_wo_mut,1,1,"def swap_keys_values ( d ) :
    new = { v : k for ( k , v ) in list ( d . items ( ) ) }


","def swap_keys_values ( d ) :
    new = { v : k for ( k , v ) in list ( d . items ( ) ) }


","def swap_keys_values ( d ) :
    return { v : k for ( k , v ) in list ( d . items ( ) ) }


",{'swap_keys_values': 'reference.py'},{'swap_keys_values': ''},"def swap_keys_values ( d ) :
    return { v : k for ( k , v ) in list ( d . items ( ) ) }
",N/A,0.189,0.234,0.000,0.000,0.009,0.060,0.497,4,4,0.111
question_10,100,0,wrong_10_31985.py,success_wo_mut,1,1,"def swap_keys_values ( d ) :
    d = dict ( ( ( v , k ) for ( k , v ) in list ( d . items ( ) ) ) )
    print ( d )


","def swap_keys_values ( d ) :
    d = dict ( ( ( v , k ) for ( k , v ) in list ( d . items ( ) ) ) )
    print ( d )


","def swap_keys_values ( d ) :
    new_dict = dict ( ( ( v , k ) for ( k , v ) in list ( d . items ( ) ) ) )
    return new_dict


",{'swap_keys_values': 'correct_10_30444.py'},{'swap_keys_values': ''},"def swap_keys_values ( d ) :
    ref_new_dict = dict ( ( ( v , k ) for ( k , v ) in list ( d . items ( ) ) ) )
    return ref_new_dict
",N/A,0.189,0.180,0.000,0.000,0.008,0.119,0.501,4,4,0.200
question_10,100,0,wrong_10_34366.py,fail_exception,1,1,"def swap_keys_values ( ) :
    oldkeys = [ ]
    oldvalues = [ ]
    swappeddict = { }
    for key in dictionary :
        oldkeys . append ( list ( dictionary . keys ( ) ) )
        oldvalues . append ( list ( dictionary . values ( ) ) )
    for e in oldkeys :
        swappeddict [ oldvlaues ] = oldkeys
    return swappeddict


","def swap_keys_values ( ) :
    oldkeys = [ ]
    oldvalues = [ ]
    swappeddict = { }
    for key in dictionary :
        oldkeys . append ( list ( dictionary . keys ( ) ) )
        oldvalues . append ( list ( dictionary . values ( ) ) )
    for e in oldkeys :
        swappeddict [ oldvlaues ] = oldkeys
    return swappeddict


","def swap_keys_values ( d ) :
    a = [ ]
    d_2 = { }
    for entry in list ( d . items ( ) ) :
        swap = entry [ : : ( - 1 ) ]
        a . append ( swap )
    for ( k , v ) in a :
        d_2 [ k ] = v
    return d_2


",{'swap_keys_values': 'correct_10_42366.py'},{'swap_keys_values': ''},N/A,N/A,0.187,0.080,0.000,0.000,0.000,0.000,0.302,N/A,N/A,N/A
question_10,100,0,wrong_10_29317.py,success_wo_mut,1,1,"def swap_keys_values ( d ) :
    d = dict ( ( ( v , k ) for ( k , v ) in d . items ( ) ) )


","def swap_keys_values ( d ) :
    d = dict ( ( ( v , k ) for ( k , v ) in d . items ( ) ) )


","def swap_keys_values ( d ) :
    return dict ( ( ( v , k ) for ( k , v ) in d . items ( ) ) )


",{'swap_keys_values': 'correct_10_1983.py'},{'swap_keys_values': ''},"def swap_keys_values ( d ) :
    return dict ( ( ( v , k ) for ( k , v ) in d . items ( ) ) )
",N/A,0.186,0.145,0.000,0.000,0.008,0.070,0.414,4,4,0.105
question_10,100,0,wrong_10_29365.py,success_wo_mut,1,1,"def swap_keys_values ( d ) :
    print ( d )
    new_dict = { }
    i = 0
    while ( i < len ( d ) ) :
        new_dict [ d [ i ] ] = d [ 0 ]
        i += 1
    return new_dict


","def swap_keys_values ( d ) :
    print ( d )
    new_dict = { }
    i = 0
    while ( i < len ( d ) ) :
        new_dict [ d [ i ] ] = d [ 0 ]
        i += 1
    return new_dict


","def swap_keys_values ( d ) :
    new_d = { }
    mylist = list ( d . items ( ) )
    i = 0
    while ( i < len ( mylist ) ) :
        d_key = mylist [ i ] [ 0 ]
        d_val = mylist [ i ] [ 1 ]
        new_d [ d_val ] = d_key
        i += 1
    return new_d


",{'swap_keys_values': 'correct_10_40157.py'},{'swap_keys_values': ''},"def swap_keys_values ( d ) :
    new_dict = { }
    ref_mylist = list ( d . items ( ) )
    i = 0
    while ( i < len ( d ) ) :
        ref_d_key = ref_mylist [ i ] [ 0 ]
        ref_d_val = ref_mylist [ i ] [ 1 ]
        new_dict [ ref_d_val ] = ref_d_key
        i += 1
    return new_dict
",N/A,0.185,0.023,0.000,0.000,0.035,48.037,48.287,4,4,0.750
question_10,100,0,wrong_10_3955.py,success_wo_mut,1,1,"def swap_keys_values ( d ) :
    d = dict ( ( ( v , k ) for ( k , v ) in list ( d . items ( ) ) ) )
    print ( sorted ( list ( d . items ( ) ) , key = sorter ) )


","def swap_keys_values ( d ) :
    d = dict ( ( ( v , k ) for ( k , v ) in list ( d . items ( ) ) ) )
    print ( sorted ( list ( d . items ( ) ) , key = sorter ) )


","def swap_keys_values ( d ) :
    new_dict = dict ( ( ( v , k ) for ( k , v ) in list ( d . items ( ) ) ) )
    return new_dict


",{'swap_keys_values': 'correct_10_30444.py'},{'swap_keys_values': ''},"def swap_keys_values ( d ) :
    ref_new_dict = dict ( ( ( v , k ) for ( k , v ) in list ( d . items ( ) ) ) )
    return ref_new_dict
",N/A,0.188,0.420,0.000,0.000,0.010,0.106,0.729,4,4,0.394
question_10,100,0,wrong_10_9299.py,success_wo_mut,1,1,"def swap_keys_values ( d ) :
    d = dict ( ( ( v , k ) for ( k , v ) in list ( d . items ( ) ) ) )
    d = sorted ( list ( d . items ( ) ) , key = ( lambda t : t [ 0 ] ) )
    print ( list ( d . items ( ) ) )


","def swap_keys_values ( d ) :
    d = dict ( ( ( v , k ) for ( k , v ) in list ( d . items ( ) ) ) )
    d = sorted ( list ( d . items ( ) ) , key = ( lambda t : t [ 0 ] ) )
    print ( list ( d . items ( ) ) )


","def swap_keys_values ( d ) :
    a = [ v for ( k , v ) in list ( d . items ( ) ) ]
    return { v : k for ( k , v ) in list ( d . items ( ) ) }


",{'swap_keys_values': 'correct_10_26486.py'},{'swap_keys_values': ''},"def swap_keys_values ( d ) :
    ref_a = [ t for ( v , t ) in list ( d . items ( ) ) ]
    return { t : v for ( v , t ) in list ( d . items ( ) ) }
",N/A,0.181,0.577,0.000,0.000,0.010,0.248,1.022,4,4,0.667
question_10,100,0,wrong_10_32357.py,success_wo_mut,1,1,"def swap_keys_values ( d ) :
    d = dict ( ( ( v , k ) for ( k , v ) in list ( d . items ( ) ) ) )
    print ( sorted ( d . items ( ) ) )


","def swap_keys_values ( d ) :
    d = dict ( ( ( v , k ) for ( k , v ) in list ( d . items ( ) ) ) )
    print ( sorted ( d . items ( ) ) )


","def swap_keys_values ( d ) :
    new_dict = dict ( ( ( v , k ) for ( k , v ) in list ( d . items ( ) ) ) )
    return new_dict


",{'swap_keys_values': 'correct_10_30444.py'},{'swap_keys_values': ''},"def swap_keys_values ( d ) :
    ref_new_dict = dict ( ( ( v , k ) for ( k , v ) in list ( d . items ( ) ) ) )
    return ref_new_dict
",N/A,0.187,0.355,0.000,0.000,0.009,0.136,0.693,4,4,0.310
question_10,100,0,wrong_10_6172.py,success_wo_mut,1,1,"def swap_keys_values ( d ) :
    new_dict = dict ( ( ( k , v ) for ( k , v ) in list ( d . items ( ) ) ) )
    return new_dict


","def swap_keys_values ( d ) :
    new_dict = dict ( ( ( k , v ) for ( k , v ) in list ( d . items ( ) ) ) )
    return new_dict


","def swap_keys_values ( d ) :
    new_dict = dict ( ( ( v , k ) for ( k , v ) in list ( d . items ( ) ) ) )
    return new_dict


",{'swap_keys_values': 'correct_10_30444.py'},{'swap_keys_values': ''},"def swap_keys_values ( new_dict ) :
    ref_new_dict = dict ( ( ( v , k ) for ( k , v ) in list ( new_dict . items ( ) ) ) )
    return ref_new_dict
",N/A,0.187,0.131,0.000,0.000,0.009,0.181,0.514,4,4,0.261
question_10,100,0,wrong_10_13730.py,success_wo_mut,1,1,"def swap_keys_values ( d ) :
    d = dict ( ( ( v , k ) for ( k , v ) in list ( d . items ( ) ) ) )
    print ( sorted ( d ) )


","def swap_keys_values ( d ) :
    d = dict ( ( ( v , k ) for ( k , v ) in list ( d . items ( ) ) ) )
    print ( sorted ( d ) )


","def swap_keys_values ( d ) :
    new_dict = dict ( ( ( v , k ) for ( k , v ) in list ( d . items ( ) ) ) )
    return new_dict


",{'swap_keys_values': 'correct_10_30444.py'},{'swap_keys_values': ''},"def swap_keys_values ( d ) :
    ref_new_dict = dict ( ( ( v , k ) for ( k , v ) in list ( d . items ( ) ) ) )
    return ref_new_dict
",N/A,0.190,0.300,0.000,0.000,0.009,0.113,0.617,4,4,0.259
question_10,100,0,wrong_10_7311.py,success_wo_mut,1,1,"def swap_keys_values ( d ) :
    dictionary = { }
    for key in d :
        dictionary [ d [ key ] ] = key
        return dictionary


","def swap_keys_values ( d ) :
    dictionary = { }
    for key in d :
        dictionary [ d [ key ] ] = key
        return dictionary


","def swap_keys_values ( d ) :
    dictionary = { }
    for key in d :
        dictionary [ d [ key ] ] = key
    return dictionary


",{'swap_keys_values': 'correct_10_21735.py'},{'swap_keys_values': ''},"def swap_keys_values ( d ) :
    dictionary = { }
    for key in d :
        dictionary [ d [ key ] ] = key
    return dictionary
",N/A,0.190,0.189,0.000,0.000,0.011,0.135,0.529,4,4,0.105
question_10,100,0,wrong_10_27255.py,success_wo_mut,1,1,"def swap_keys_values ( d ) :
    { v : k for ( k , v ) in d . items }
    return d


","def swap_keys_values ( d ) :
    { v : k for ( k , v ) in d . items }
    return d


","def swap_keys_values ( d ) :
    return { v : k for ( k , v ) in list ( d . items ( ) ) }


",{'swap_keys_values': 'reference.py'},{'swap_keys_values': ''},"def swap_keys_values ( d ) :
    return { v : k for ( k , v ) in list ( d . items ( ) ) }
",N/A,0.191,0.234,0.000,0.000,0.008,0.160,0.597,4,4,0.375
question_10,100,0,wrong_10_2191.py,fail_other,1,1,"def swap_keys_values ( d ) :
    d1 = { v : k for ( k , v ) in list ( d . items ( ) ) }
    print ( list ( d1 . items ( ) ) . sorted ( ) )


","def swap_keys_values ( d ) :
    d1 = { v : k for ( k , v ) in list ( d . items ( ) ) }
    print ( list ( d1 . items ( ) ) . sorted ( ) )


","def swap_keys_values ( a ) :
    new_dict = { v : k for ( k , v ) in list ( a . items ( ) ) }
    print ( sorted ( new_dict . items ( ) ) )
    return new_dict


",{'swap_keys_values': 'correct_10_38570.py'},{'swap_keys_values': ''},"def swap_keys_values ( d ) :
    d1 = { v : k for ( k , v ) in list ( d . items ( ) ) }
    print ( sorted ( d1 . items ( ) ) )
    return d1
",N/A,0.190,0.346,0.000,0.000,0.010,0.125,0.676,0,4,N/A
question_10,100,0,wrong_10_28023.py,success_wo_mut,1,1,"def swap_keys_values ( d ) :
    dic = { }
    for key in d :
        d [ key ] = value
        d [ value ] = d [ key ]
    return dic


","def swap_keys_values ( d ) :
    dic = { }
    for key in d :
        d [ key ] = value
        d [ value ] = d [ key ]
    return dic


","def swap_keys_values ( d ) :
    dic = { }
    for key in d :
        value = d [ key ]
        dic [ value ] = key
    return dic


",{'swap_keys_values': 'correct_10_8664.py'},{'swap_keys_values': ''},"def swap_keys_values ( d ) :
    dic = { }
    for ref_key in d :
        key = d [ ref_key ]
        dic [ key ] = ref_key
    return dic
",N/A,0.191,0.259,0.000,0.000,0.014,0.794,1.263,4,4,0.375
question_10,100,0,wrong_10_9242.py,success_wo_mut,1,1,"def swap_keys_values ( d ) :
    new_dict = { }
    for ( key , value ) in list ( d . items ( ) ) :
        return d


","def swap_keys_values ( d ) :
    new_dict = { }
    for ( key , value ) in list ( d . items ( ) ) :
        return d


","def swap_keys_values ( d ) :
    new_dict = { }
    for ( key , value ) in list ( d . items ( ) ) :
        new_dict [ value ] = key
    return new_dict


",{'swap_keys_values': 'correct_10_37780.py'},{'swap_keys_values': ''},"def swap_keys_values ( d ) :
    new_dict = { }
    for ( key , value ) in list ( d . items ( ) ) :
        new_dict [ value ] = key
    return new_dict
",N/A,0.187,0.324,0.000,0.000,0.013,0.181,0.710,4,4,0.389
question_10,100,0,wrong_10_5721.py,success_wo_mut,1,1,"def swap_keys_values ( d ) :
    new = { }
    for ( z , q ) in list ( d . items ( ) ) :
        new [ q ] = z
    return list ( new . items ( ) )


","def swap_keys_values ( d ) :
    new = { }
    for ( z , q ) in list ( d . items ( ) ) :
        new [ q ] = z
    return list ( new . items ( ) )


","def swap_keys_values ( d ) :
    new_dict = { }
    for ( z , q ) in list ( d . items ( ) ) :
        new_dict [ q ] = z
    return new_dict


",{'swap_keys_values': 'correct_10_34832.py'},{'swap_keys_values': ''},"def swap_keys_values ( d ) :
    new = { }
    for ( z , q ) in list ( d . items ( ) ) :
        new [ q ] = z
    return new
",N/A,0.193,0.356,0.000,0.000,0.015,0.073,0.644,4,4,0.148
question_10,100,0,wrong_10_32144.py,success_wo_mut,1,1,"def swap_keys_values ( dictionary ) :
    oldkeys = [ ]
    oldvalues = [ ]
    swappeddict = { }
    for key in dictionary :
        oldkeys . append ( list ( dictionary . keys ( ) ) )
        oldvalues . append ( list ( dictionary . values ( ) ) )
    i = 0
    while ( i < len ( oldkeys ) ) :
        swappeddict [ oldvalues [ i ] ] = oldkeys [ i ]
        i = ( i + 1 )
    return swappeddict


","def swap_keys_values ( dictionary ) :
    oldkeys = [ ]
    oldvalues = [ ]
    swappeddict = { }
    for key in dictionary :
        oldkeys . append ( list ( dictionary . keys ( ) ) )
        oldvalues . append ( list ( dictionary . values ( ) ) )
    i = 0
    while ( i < len ( oldkeys ) ) :
        swappeddict [ oldvalues [ i ] ] = oldkeys [ i ]
        i = ( i + 1 )
    return swappeddict


","def swap_keys_values ( d ) :
    keys = [ ]
    values = [ ]
    dic = { }
    for ( k , v ) in list ( d . items ( ) ) :
        keys . append ( k )
        values . append ( v )
    i = 0
    while ( i < len ( values ) ) :
        dic [ values [ i ] ] = keys [ i ]
        i = ( i + 1 )
    return dic


",{'swap_keys_values': 'correct_10_1605.py'},{'swap_keys_values': ''},"def swap_keys_values ( dictionary ) :
    oldkeys = [ ]
    swappeddict = [ ]
    oldvalues = { }
    for ( key , ref_v ) in list ( dictionary . items ( ) ) :
        oldkeys . append ( key )
        swappeddict . append ( ref_v )
    i = 0
    while ( i < len ( oldkeys ) ) :
        oldvalues [ swappeddict [ i ] ] = oldkeys [ i ]
        i = ( i + 1 )
    return oldvalues
",N/A,0.188,0.034,0.000,0.000,0.066,34.533,34.828,4,4,0.344
question_10,100,0,wrong_10_26360.py,success_wo_mut,1,1,"def swap_keys_values ( d ) :
    new_d = d ( ( ( v , k ) for ( k , v ) in list ( d . items ( ) ) ) )
    return new_d


","def swap_keys_values ( d ) :
    new_d = d ( ( ( v , k ) for ( k , v ) in list ( d . items ( ) ) ) )
    return new_d


","def swap_keys_values ( d ) :
    new_dict = dict ( ( ( v , k ) for ( k , v ) in list ( d . items ( ) ) ) )
    return new_dict


",{'swap_keys_values': 'correct_10_30444.py'},{'swap_keys_values': ''},"def swap_keys_values ( d ) :
    new_d = dict ( ( ( k , v ) for ( v , k ) in list ( d . items ( ) ) ) )
    return new_d
",N/A,0.186,0.154,0.000,0.000,0.007,0.170,0.522,4,4,0.217
question_10,100,0,wrong_10_9132.py,success_wo_mut,1,1,"def swap_keys_values ( d ) :
    d = dict ( ( ( v , k ) for ( k , v ) in list ( d . items ( ) ) ) )
    new_dict = sorted ( list ( d . items ( ) ) , key = ( lambda t : t [ 0 ] ) )
    print ( new_dict )


","def swap_keys_values ( d ) :
    d = dict ( ( ( v , k ) for ( k , v ) in list ( d . items ( ) ) ) )
    new_dict = sorted ( list ( d . items ( ) ) , key = ( lambda t : t [ 0 ] ) )
    print ( new_dict )


","def swap_keys_values ( d ) :
    new_dict = dict ( ( ( v , k ) for ( k , v ) in list ( d . items ( ) ) ) )
    return new_dict


",{'swap_keys_values': 'correct_10_30444.py'},{'swap_keys_values': ''},"def swap_keys_values ( d ) :
    t = dict ( ( ( v , new_dict ) for ( new_dict , v ) in list ( d . items ( ) ) ) )
    return t
",N/A,0.187,0.517,0.000,0.000,0.010,0.233,0.954,4,4,0.537
question_10,100,0,wrong_10_13654.py,fail_exception,N/A,0,N/A,N/A,N/A,N/A,N/A,N/A,N/A,N/A,N/A,N/A,N/A,N/A,N/A,0.182,N/A,N/A,N/A
question_10,100,0,wrong_10_12754.py,success_w_mut,0,0,"def swap_keys_values ( d ) :
    d_2 = [ ]
    for entry in list ( d . items ( ) ) :
        u = entry [ : : ( - 1 ) ]
        for ( k , v ) in u . split ( ',' ) :
            d_2 [ k ] = v
    return d_2


","def swap_keys_values ( d ) :
    d_2 = [ ]
    if ( len ( list ( d . items ( ) ) ) > 0 ) :
        u = entry [ : : ( - 1 ) ]
        for ( k , v ) in u . split ( ',' ) :
            d_2 [ k ] = v
        pass
    return d_2
","

def swap_keys_values(d):
    a = {}
    if (len(list(d.items())) > 0):
        for (k, v) in list(d.items()):
            a[v] = k
    return a
",{'swap_keys_values': 'correct_10_8188.py'},{'swap_keys_values': 'C1.n'},"def swap_keys_values ( d ) :
    d_2 = { }
    if ( len ( list ( d . items ( ) ) ) > 0 ) :
        for ( v , k ) in list ( d . items ( ) ) :
            d_2 [ k ] = v
        pass
    return d_2
",N/A,3.311,0.015,0.000,0.001,0.013,0.117,3.463,4,4,0.541
question_10,100,0,wrong_10_38624.py,success_wo_mut,1,1,"def swap_keys_values ( dictionary ) :
    oldkeys = [ ]
    oldvalues = [ ]
    swappeddict = { }
    for key in dictionary :
        oldkeys . append ( list ( dictionary . keys ( ) ) )
        oldvalues . append ( list ( dictionary . values ( ) ) )
    i = 0
    while ( i < len ( oldkeys ) ) :
        swappeddict [ oldvalues [ i ] ] = oldkeys [ i ]
        i = ( i + 1 )
    return swappeddict


","def swap_keys_values ( dictionary ) :
    oldkeys = [ ]
    oldvalues = [ ]
    swappeddict = { }
    for key in dictionary :
        oldkeys . append ( list ( dictionary . keys ( ) ) )
        oldvalues . append ( list ( dictionary . values ( ) ) )
    i = 0
    while ( i < len ( oldkeys ) ) :
        swappeddict [ oldvalues [ i ] ] = oldkeys [ i ]
        i = ( i + 1 )
    return swappeddict


","def swap_keys_values ( d ) :
    keys = [ ]
    values = [ ]
    dic = { }
    for ( k , v ) in list ( d . items ( ) ) :
        keys . append ( k )
        values . append ( v )
    i = 0
    while ( i < len ( values ) ) :
        dic [ values [ i ] ] = keys [ i ]
        i = ( i + 1 )
    return dic


",{'swap_keys_values': 'correct_10_1605.py'},{'swap_keys_values': ''},"def swap_keys_values ( dictionary ) :
    oldkeys = [ ]
    swappeddict = [ ]
    oldvalues = { }
    for ( key , ref_v ) in list ( dictionary . items ( ) ) :
        oldkeys . append ( key )
        swappeddict . append ( ref_v )
    i = 0
    while ( i < len ( oldkeys ) ) :
        oldvalues [ swappeddict [ i ] ] = oldkeys [ i ]
        i = ( i + 1 )
    return oldvalues
",N/A,0.231,0.023,0.000,0.000,0.065,34.524,34.852,4,4,0.344
question_10,100,0,wrong_10_42001.py,success_wo_mut,1,1,"def swap_keys_values ( d ) :
    d = dict ( ( ( v , k ) for ( k , v ) in list ( d . items ( ) ) ) )
    d = list ( d . items ( ) )
    print ( d )


","def swap_keys_values ( d ) :
    d = dict ( ( ( v , k ) for ( k , v ) in list ( d . items ( ) ) ) )
    d = list ( d . items ( ) )
    print ( d )


","def swap_keys_values ( d ) :
    new_dict = dict ( ( ( v , k ) for ( k , v ) in list ( d . items ( ) ) ) )
    return new_dict


",{'swap_keys_values': 'correct_10_30444.py'},{'swap_keys_values': ''},"def swap_keys_values ( d ) :
    ref_new_dict = dict ( ( ( v , k ) for ( k , v ) in list ( d . items ( ) ) ) )
    return ref_new_dict
",N/A,0.186,0.408,0.000,0.000,0.009,0.204,0.812,4,4,0.375
question_10,100,0,wrong_10_17623.py,success_wo_mut,1,1,"def swap_keys_values ( d ) :
    d = dict ( ( ( v , k ) for ( k , v ) in list ( d . items ( ) ) ) )


","def swap_keys_values ( d ) :
    d = dict ( ( ( v , k ) for ( k , v ) in list ( d . items ( ) ) ) )


","def swap_keys_values ( d ) :
    new_dict = dict ( ( ( v , k ) for ( k , v ) in list ( d . items ( ) ) ) )
    return new_dict


",{'swap_keys_values': 'correct_10_30444.py'},{'swap_keys_values': ''},"def swap_keys_values ( d ) :
    ref_new_dict = dict ( ( ( v , k ) for ( k , v ) in list ( d . items ( ) ) ) )
    return ref_new_dict
",N/A,0.187,0.168,0.000,0.000,0.009,0.074,0.442,4,4,0.143
question_10,100,0,wrong_10_39650.py,success_wo_mut,1,1,"def swap_keys_values ( d ) :
    d = dict ( ( ( v , k ) for ( k , v ) in list ( d . items ( ) ) ) )
    d = SortedDict ( d )
    print ( d . items )


","def swap_keys_values ( d ) :
    d = dict ( ( ( v , k ) for ( k , v ) in list ( d . items ( ) ) ) )
    d = SortedDict ( d )
    print ( d . items )


","def swap_keys_values ( d ) :
    new_dict = dict ( ( ( v , k ) for ( k , v ) in list ( d . items ( ) ) ) )
    return new_dict


",{'swap_keys_values': 'correct_10_30444.py'},{'swap_keys_values': ''},"def swap_keys_values ( d ) :
    ref_new_dict = dict ( ( ( v , k ) for ( k , v ) in list ( d . items ( ) ) ) )
    return ref_new_dict
",N/A,0.192,0.371,0.000,0.000,0.009,0.240,0.817,4,4,0.355
question_10,100,0,wrong_10_416.py,success_wo_mut,1,1,"def swap_keys_values ( d ) :
    d = dict ( ( ( v , k ) for ( k , v ) in list ( d . items ( ) ) ) )
    print ( d )


","def swap_keys_values ( d ) :
    d = dict ( ( ( v , k ) for ( k , v ) in list ( d . items ( ) ) ) )
    print ( d )


","def swap_keys_values ( d ) :
    new_dict = dict ( ( ( v , k ) for ( k , v ) in list ( d . items ( ) ) ) )
    return new_dict


",{'swap_keys_values': 'correct_10_30444.py'},{'swap_keys_values': ''},"def swap_keys_values ( d ) :
    ref_new_dict = dict ( ( ( v , k ) for ( k , v ) in list ( d . items ( ) ) ) )
    return ref_new_dict
",N/A,0.190,0.180,0.000,0.000,0.009,0.136,0.520,4,4,0.200
question_10,100,0,wrong_10_18855.py,success_wo_mut,1,1,"def swap_keys_values ( d ) :
    new_dict = { }
    i = 0
    while ( i < len ( d ) ) :
        new_dict [ d [ 0 ] ] = d [ 1 ]
        i += 1
    return new_dict


","def swap_keys_values ( d ) :
    new_dict = { }
    i = 0
    while ( i < len ( d ) ) :
        new_dict [ d [ 0 ] ] = d [ 1 ]
        i += 1
    return new_dict


","def swap_keys_values ( d ) :
    new_d = { }
    mylist = list ( d . items ( ) )
    i = 0
    while ( i < len ( mylist ) ) :
        d_key = mylist [ i ] [ 0 ]
        d_val = mylist [ i ] [ 1 ]
        new_d [ d_val ] = d_key
        i += 1
    return new_d


",{'swap_keys_values': 'correct_10_40157.py'},{'swap_keys_values': ''},"def swap_keys_values ( d ) :
    new_dict = { }
    ref_mylist = list ( d . items ( ) )
    i = 0
    while ( i < len ( d ) ) :
        ref_d_key = ref_mylist [ i ] [ 0 ]
        ref_d_val = ref_mylist [ i ] [ 1 ]
        new_dict [ ref_d_val ] = ref_d_key
        i += 1
    return new_dict
",N/A,0.185,0.021,0.000,0.000,0.035,48.014,48.261,4,4,0.719
question_10,100,0,wrong_10_38024.py,success_wo_mut,1,1,"def swap_keys_values ( d ) :
    new_dict = { }
    for ( key , value ) in d :
        return d


","def swap_keys_values ( d ) :
    new_dict = { }
    for ( key , value ) in d :
        return d


","def swap_keys_values ( d ) :
    new_dict = { }
    for key in d :
        new_dict [ d [ key ] ] = key
    return new_dict


",{'swap_keys_values': 'correct_10_26573.py'},{'swap_keys_values': ''},"def swap_keys_values ( d ) :
    new_dict = { }
    for key in d :
        new_dict [ d [ key ] ] = key
    return new_dict
",N/A,0.186,0.297,0.000,0.000,0.011,0.158,0.656,4,4,0.714
question_10,100,0,wrong_10_12167.py,success_wo_mut,1,1,"def swap_keys_values ( d ) :
    d = dict ( ( ( v , k ) for ( k , v ) in list ( d . items ( ) ) ) )
    new_dict = sorted ( list ( d . items ( ) ) , key = ( lambda t : t [ 0 ] ) )
    print ( new_dict )


","def swap_keys_values ( d ) :
    d = dict ( ( ( v , k ) for ( k , v ) in list ( d . items ( ) ) ) )
    new_dict = sorted ( list ( d . items ( ) ) , key = ( lambda t : t [ 0 ] ) )
    print ( new_dict )


","def swap_keys_values ( d ) :
    new_dict = dict ( ( ( v , k ) for ( k , v ) in list ( d . items ( ) ) ) )
    return new_dict


",{'swap_keys_values': 'correct_10_30444.py'},{'swap_keys_values': ''},"def swap_keys_values ( d ) :
    t = dict ( ( ( v , new_dict ) for ( new_dict , v ) in list ( d . items ( ) ) ) )
    return t
",N/A,0.186,0.515,0.000,0.000,0.009,0.227,0.943,4,4,0.537
question_10,100,0,wrong_10_24817.py,success_wo_mut,1,1,"def swap_keys_values ( d ) :
    new_d = d ( ( ( v , k ) for ( k , v ) in list ( d . items ( ) ) ) )
    return new_d


","def swap_keys_values ( d ) :
    new_d = d ( ( ( v , k ) for ( k , v ) in list ( d . items ( ) ) ) )
    return new_d


","def swap_keys_values ( d ) :
    new_dict = dict ( ( ( v , k ) for ( k , v ) in list ( d . items ( ) ) ) )
    return new_dict


",{'swap_keys_values': 'correct_10_30444.py'},{'swap_keys_values': ''},"def swap_keys_values ( d ) :
    new_d = dict ( ( ( k , v ) for ( v , k ) in list ( d . items ( ) ) ) )
    return new_d
",N/A,0.187,0.150,0.000,0.000,0.009,0.153,0.503,4,4,0.217
question_10,100,0,wrong_10_35280.py,success_wo_mut,1,1,"def swap_keys_values ( d ) :
    print ( dict ( ( ( v , k ) for ( k , v ) in d . items ( ) ) ) )


","def swap_keys_values ( d ) :
    print ( dict ( ( ( v , k ) for ( k , v ) in d . items ( ) ) ) )


","def swap_keys_values ( d ) :
    return dict ( ( ( v , k ) for ( k , v ) in d . items ( ) ) )


",{'swap_keys_values': 'correct_10_1983.py'},{'swap_keys_values': ''},"def swap_keys_values ( d ) :
    return dict ( ( ( v , k ) for ( k , v ) in d . items ( ) ) )
",N/A,0.184,0.147,0.000,0.000,0.008,0.075,0.419,4,4,0.150
question_10,100,0,wrong_10_5124.py,success_wo_mut,1,1,"def swap_keys_values ( d ) :
    d = dict ( ( ( v , k ) for ( k , v ) in list ( d . items ( ) ) ) )
    list ( d . items ( ) )


","def swap_keys_values ( d ) :
    d = dict ( ( ( v , k ) for ( k , v ) in list ( d . items ( ) ) ) )
    list ( d . items ( ) )


","def swap_keys_values ( d ) :
    new_dict = dict ( ( ( v , k ) for ( k , v ) in list ( d . items ( ) ) ) )
    return new_dict


",{'swap_keys_values': 'correct_10_30444.py'},{'swap_keys_values': ''},"def swap_keys_values ( d ) :
    ref_new_dict = dict ( ( ( v , k ) for ( k , v ) in list ( d . items ( ) ) ) )
    return ref_new_dict
",N/A,0.185,0.309,0.000,0.000,0.008,0.118,0.626,4,4,0.259
question_10,100,0,wrong_10_11974.py,success_wo_mut,1,1,"def swap_keys_values ( d ) :
    new_d = { }
    key = sorted ( d . keys ( ) )
    value = sorted ( d . values ( ) )
    for i in range ( 0 , ( len ( key ) - 1 ) ) :
        new_d [ key [ i ] ] = value [ i ]
    return new_d


","def swap_keys_values ( d ) :
    new_d = { }
    key = sorted ( d . keys ( ) )
    value = sorted ( d . values ( ) )
    for i in range ( 0 , ( len ( key ) - 1 ) ) :
        new_d [ key [ i ] ] = value [ i ]
    return new_d


","def swap_keys_values ( d ) :
    dic = { }
    a = list ( d . values ( ) )
    b = list ( d . keys ( ) )
    for i in range ( 0 , len ( a ) ) :
        dic [ a [ i ] ] = b [ i ]
    return dic


",{'swap_keys_values': 'correct_10_9288.py'},{'swap_keys_values': ''},"def swap_keys_values ( d ) :
    ref_dic = { }
    new_d = list ( d . values ( ) )
    key = list ( d . keys ( ) )
    for i in range ( 0 , len ( new_d ) ) :
        ref_dic [ new_d [ i ] ] = key [ i ]
    return ref_dic
",N/A,0.189,0.448,0.000,0.000,0.022,0.663,1.328,4,4,0.302
question_10,100,0,wrong_10_7236.py,success_wo_mut,1,1,"def swap_keys_values ( d ) :
    d = dict ( ( ( v , k ) for ( k , v ) in list ( d . items ( ) ) ) )
    print ( sorted ( list ( d . items ( ) ) , key = sorter ) )


","def swap_keys_values ( d ) :
    d = dict ( ( ( v , k ) for ( k , v ) in list ( d . items ( ) ) ) )
    print ( sorted ( list ( d . items ( ) ) , key = sorter ) )


","def swap_keys_values ( d ) :
    new_dict = dict ( ( ( v , k ) for ( k , v ) in list ( d . items ( ) ) ) )
    return new_dict


",{'swap_keys_values': 'correct_10_30444.py'},{'swap_keys_values': ''},"def swap_keys_values ( d ) :
    ref_new_dict = dict ( ( ( v , k ) for ( k , v ) in list ( d . items ( ) ) ) )
    return ref_new_dict
",N/A,0.186,0.420,0.000,0.000,0.009,0.123,0.742,4,4,0.394
question_10,100,0,wrong_10_3017.py,success_wo_mut,1,1,"def swap_keys_values ( d ) :
    d = { }
    for ( k , v ) in list ( d . items ( ) ) :
        d [ v ] = k
    return d


","def swap_keys_values ( d ) :
    d = { }
    for ( k , v ) in list ( d . items ( ) ) :
        d [ v ] = k
    return d


","def swap_keys_values ( x ) :
    d = { }
    for ( k , v ) in list ( x . items ( ) ) :
        d [ v ] = k
    return d


",{'swap_keys_values': 'correct_10_11786.py'},{'swap_keys_values': ''},"def swap_keys_values ( d ) :
    ref_d = { }
    for ( k , v ) in list ( d . items ( ) ) :
        ref_d [ v ] = k
    return ref_d
",N/A,0.187,0.253,0.000,0.000,0.013,0.362,0.820,4,4,0.130
question_10,100,0,wrong_10_15653.py,success_wo_mut,1,1,"def swap_keys_values ( d ) :
    { v : k for ( k , v ) in d . items }
    return d


","def swap_keys_values ( d ) :
    { v : k for ( k , v ) in d . items }
    return d


","def swap_keys_values ( d ) :
    return { v : k for ( k , v ) in list ( d . items ( ) ) }


",{'swap_keys_values': 'reference.py'},{'swap_keys_values': ''},"def swap_keys_values ( d ) :
    return { v : k for ( k , v ) in list ( d . items ( ) ) }
",N/A,0.186,0.230,0.000,0.000,0.008,0.178,0.606,4,4,0.375
question_10,100,0,wrong_10_35182.py,success_wo_mut,1,1,"def swap_keys_values ( d ) :
    d = dict ( ( ( v , k ) for ( k , v ) in list ( d . items ( ) ) ) )
    print ( list ( d . items ( ) ) )


","def swap_keys_values ( d ) :
    d = dict ( ( ( v , k ) for ( k , v ) in list ( d . items ( ) ) ) )
    print ( list ( d . items ( ) ) )


","def swap_keys_values ( d ) :
    new_dict = dict ( ( ( v , k ) for ( k , v ) in list ( d . items ( ) ) ) )
    return new_dict


",{'swap_keys_values': 'correct_10_30444.py'},{'swap_keys_values': ''},"def swap_keys_values ( d ) :
    ref_new_dict = dict ( ( ( v , k ) for ( k , v ) in list ( d . items ( ) ) ) )
    return ref_new_dict
",N/A,0.185,0.354,0.000,0.000,0.009,0.129,0.682,4,4,0.310
question_10,100,0,wrong_10_13026.py,success_wo_mut,1,1,"def swap_keys_values ( d ) :
    { v : k for ( k , v ) in d . items }
    return d


","def swap_keys_values ( d ) :
    { v : k for ( k , v ) in d . items }
    return d


","def swap_keys_values ( d ) :
    return { v : k for ( k , v ) in list ( d . items ( ) ) }


",{'swap_keys_values': 'reference.py'},{'swap_keys_values': ''},"def swap_keys_values ( d ) :
    return { v : k for ( k , v ) in list ( d . items ( ) ) }
",N/A,0.182,0.230,0.000,0.000,0.008,0.174,0.600,4,4,0.375
question_10,100,0,wrong_10_35588.py,success_wo_mut,1,1,"def swap_keys_values ( d ) :
    d = dict ( ( ( v , k ) for ( k , v ) in list ( d . items ( ) ) ) )
    d = sorted ( d )
    print ( d )


","def swap_keys_values ( d ) :
    d = dict ( ( ( v , k ) for ( k , v ) in list ( d . items ( ) ) ) )
    d = sorted ( d )
    print ( d )


","def swap_keys_values ( d ) :
    new_dict = dict ( ( ( v , k ) for ( k , v ) in list ( d . items ( ) ) ) )
    return new_dict


",{'swap_keys_values': 'correct_10_30444.py'},{'swap_keys_values': ''},"def swap_keys_values ( d ) :
    ref_new_dict = dict ( ( ( v , k ) for ( k , v ) in list ( d . items ( ) ) ) )
    return ref_new_dict
",N/A,0.190,0.350,0.000,0.000,0.009,0.221,0.774,4,4,0.333
question_10,100,0,wrong_10_16540.py,fail_other,1,1,"def swap_keys_values ( d ) :
    new_dict = { v : k for ( k , v ) in list ( d . items ( ) ) }
    print ( sorted ( new_dict . items ( ) ) )


","def swap_keys_values ( d ) :
    new_dict = { v : k for ( k , v ) in list ( d . items ( ) ) }
    print ( sorted ( new_dict . items ( ) ) )


","def swap_keys_values ( a ) :
    new_dict = { v : k for ( k , v ) in list ( a . items ( ) ) }
    print ( sorted ( new_dict . items ( ) ) )
    return new_dict


",{'swap_keys_values': 'correct_10_38570.py'},{'swap_keys_values': ''},"def swap_keys_values ( d ) :
    new_dict = { v : k for ( k , v ) in list ( d . items ( ) ) }
    print ( sorted ( new_dict . items ( ) ) )
    return new_dict
",N/A,0.188,0.289,0.000,0.000,0.010,0.145,0.636,0,4,N/A
question_10,100,0,wrong_10_10792.py,success_wo_mut,1,1,"def swap_keys_values ( d ) :
    new = { }
    for ( z , q ) in list ( d . items ( ) ) :
        new [ q ] = z
    return list ( new . items ( ) )


","def swap_keys_values ( d ) :
    new = { }
    for ( z , q ) in list ( d . items ( ) ) :
        new [ q ] = z
    return list ( new . items ( ) )


","def swap_keys_values ( d ) :
    new_dict = { }
    for ( z , q ) in list ( d . items ( ) ) :
        new_dict [ q ] = z
    return new_dict


",{'swap_keys_values': 'correct_10_34832.py'},{'swap_keys_values': ''},"def swap_keys_values ( d ) :
    new = { }
    for ( z , q ) in list ( d . items ( ) ) :
        new [ q ] = z
    return new
",N/A,0.186,0.357,0.000,0.000,0.016,0.081,0.647,4,4,0.148
question_10,100,0,wrong_10_15842.py,success_wo_mut,1,1,"def swap_keys_values ( d ) :
    d = dict ( ( ( v , k ) for ( k , v ) in list ( d . items ( ) ) ) )
    print ( sorted ( list ( d . items ( ) ) , key = ( lambda t : t [ 0 ] ) ) )


","def swap_keys_values ( d ) :
    d = dict ( ( ( v , k ) for ( k , v ) in list ( d . items ( ) ) ) )
    print ( sorted ( list ( d . items ( ) ) , key = ( lambda t : t [ 0 ] ) ) )


","def swap_keys_values ( d ) :
    new_dict = dict ( ( ( v , k ) for ( k , v ) in list ( d . items ( ) ) ) )
    return new_dict


",{'swap_keys_values': 'correct_10_30444.py'},{'swap_keys_values': ''},"def swap_keys_values ( d ) :
    k = dict ( ( ( t , v ) for ( v , t ) in list ( d . items ( ) ) ) )
    return k
",N/A,0.189,0.485,0.000,0.000,0.010,0.133,0.822,4,4,0.579
question_10,100,0,wrong_10_11931.py,success_wo_mut,1,1,"def swap_keys_values ( d ) :
    d = dict ( ( ( v , k ) for ( k , v ) in list ( d . items ( ) ) ) )
    print ( list ( d . items ( ) ) )


","def swap_keys_values ( d ) :
    d = dict ( ( ( v , k ) for ( k , v ) in list ( d . items ( ) ) ) )
    print ( list ( d . items ( ) ) )


","def swap_keys_values ( d ) :
    new_dict = dict ( ( ( v , k ) for ( k , v ) in list ( d . items ( ) ) ) )
    return new_dict


",{'swap_keys_values': 'correct_10_30444.py'},{'swap_keys_values': ''},"def swap_keys_values ( d ) :
    ref_new_dict = dict ( ( ( v , k ) for ( k , v ) in list ( d . items ( ) ) ) )
    return ref_new_dict
",N/A,0.189,0.351,0.000,0.000,0.009,0.122,0.676,4,4,0.310
question_10,100,0,wrong_10_8627.py,success_wo_mut,1,1,"def swap_keys_values ( d ) :
    keys = [ ]
    values = [ ]
    dic = { }
    for ( v , k ) in list ( d . items ( ) ) :
        keys . append ( k )
        values . append ( v )
    i = 0
    while ( i < len ( values ) ) :
        dic [ values [ i ] ] = keys [ i ]
        i = ( i + 1 )
    return d


","def swap_keys_values ( d ) :
    keys = [ ]
    values = [ ]
    dic = { }
    for ( v , k ) in list ( d . items ( ) ) :
        keys . append ( k )
        values . append ( v )
    i = 0
    while ( i < len ( values ) ) :
        dic [ values [ i ] ] = keys [ i ]
        i = ( i + 1 )
    return d


","def swap_keys_values ( d ) :
    keys = [ ]
    values = [ ]
    dic = { }
    for ( k , v ) in list ( d . items ( ) ) :
        keys . append ( k )
        values . append ( v )
    i = 0
    while ( i < len ( values ) ) :
        dic [ values [ i ] ] = keys [ i ]
        i = ( i + 1 )
    return dic


",{'swap_keys_values': 'correct_10_1605.py'},{'swap_keys_values': ''},"def swap_keys_values ( dic ) :
    values = [ ]
    keys = [ ]
    ref_dic = { }
    for ( v , k ) in list ( dic . items ( ) ) :
        keys . append ( k )
        values . append ( v )
    i = 0
    while ( i < len ( values ) ) :
        ref_dic [ keys [ i ] ] = values [ i ]
        i = ( i + 1 )
    return ref_dic
",N/A,0.187,0.025,0.000,0.000,0.088,40.494,40.800,4,4,0.153
question_10,100,0,wrong_10_28695.py,success_wo_mut,1,1,"def swap_keys_values ( d ) :
    d = dict ( ( ( v , k ) for ( k , v ) in list ( d . items ( ) ) ) )
    print ( sorted ( list ( d . items ( ) ) ) )


","def swap_keys_values ( d ) :
    d = dict ( ( ( v , k ) for ( k , v ) in list ( d . items ( ) ) ) )
    print ( sorted ( list ( d . items ( ) ) ) )


","def swap_keys_values ( d ) :
    new_dict = dict ( ( ( v , k ) for ( k , v ) in list ( d . items ( ) ) ) )
    return new_dict


",{'swap_keys_values': 'correct_10_30444.py'},{'swap_keys_values': ''},"def swap_keys_values ( d ) :
    ref_new_dict = dict ( ( ( v , k ) for ( k , v ) in list ( d . items ( ) ) ) )
    return ref_new_dict
",N/A,0.185,0.383,0.000,0.000,0.009,0.102,0.684,4,4,0.355
question_10,100,0,wrong_10_21560.py,success_wo_mut,1,1,"def swap_keys_values ( d ) :
    print ( dict ( ( ( v , k ) for ( k , v ) in list ( d . items ( ) ) ) ) )


","def swap_keys_values ( d ) :
    print ( dict ( ( ( v , k ) for ( k , v ) in list ( d . items ( ) ) ) ) )


","def swap_keys_values ( d ) :
    new_dict = dict ( ( ( v , k ) for ( k , v ) in list ( d . items ( ) ) ) )
    return new_dict


",{'swap_keys_values': 'correct_10_30444.py'},{'swap_keys_values': ''},"def swap_keys_values ( d ) :
    ref_new_dict = dict ( ( ( v , k ) for ( k , v ) in list ( d . items ( ) ) ) )
    return ref_new_dict
",N/A,0.188,0.171,0.000,0.000,0.008,0.067,0.439,4,4,0.227
question_10,100,0,wrong_10_37103.py,fail_exception,1,1,"def swap_keys_values ( ) :
    new_dic = { }
    for key in dic :
        if ( dic [ key ] not in new_dic ) :
            new_dic [ dic [ key ] ] = key
    return new_dic


","def swap_keys_values ( ) :
    new_dic = { }
    for key in dic :
        if ( dic [ key ] not in new_dic ) :
            new_dic [ dic [ key ] ] = key
    return new_dic


","def swap_keys_values ( d ) :
    d2 = { }
    ds = sorted ( list ( d . items ( ) ) , reverse = True )
    for ( k , v ) in ds :
        if ( v not in d2 ) :
            d2 [ v ] = k
    return d2


",{'swap_keys_values': 'correct_10_23005.py'},{'swap_keys_values': ''},N/A,N/A,0.192,0.011,0.000,0.000,0.000,0.000,0.222,N/A,N/A,N/A
question_10,100,0,wrong_10_7932.py,success_wo_mut,1,1,"def swap_keys_values ( d ) :
    d = dict ( ( ( v , k ) for ( k , v ) in list ( d . items ( ) ) ) )
    print ( list ( d . items ( ) ) )


","def swap_keys_values ( d ) :
    d = dict ( ( ( v , k ) for ( k , v ) in list ( d . items ( ) ) ) )
    print ( list ( d . items ( ) ) )


","def swap_keys_values ( d ) :
    new_dict = dict ( ( ( v , k ) for ( k , v ) in list ( d . items ( ) ) ) )
    return new_dict


",{'swap_keys_values': 'correct_10_30444.py'},{'swap_keys_values': ''},"def swap_keys_values ( d ) :
    ref_new_dict = dict ( ( ( v , k ) for ( k , v ) in list ( d . items ( ) ) ) )
    return ref_new_dict
",N/A,0.189,0.354,0.000,0.000,0.009,0.130,0.687,4,4,0.310
question_10,100,0,wrong_10_17348.py,success_wo_mut,1,1,"def swap_keys_values ( x ) :
    d = { v : k for ( k , v ) in list ( a . items ( ) ) }
    return x


","def swap_keys_values ( x ) :
    d = { v : k for ( k , v ) in list ( a . items ( ) ) }
    return x


","def swap_keys_values ( x ) :
    d = { v : k for ( k , v ) in list ( x . items ( ) ) }
    return d


",{'swap_keys_values': 'correct_10_29935.py'},{'swap_keys_values': ''},"def swap_keys_values ( x ) :
    d = { v : k for ( k , v ) in list ( x . items ( ) ) }
    return d
",N/A,0.187,0.165,0.000,0.000,0.009,0.188,0.554,4,4,0.100
question_10,100,0,wrong_10_34754.py,success_wo_mut,1,1,"def swap_keys_values ( d ) :
    { v : k for ( k , v ) in d . items }
    return d


","def swap_keys_values ( d ) :
    { v : k for ( k , v ) in d . items }
    return d


","def swap_keys_values ( d ) :
    return { v : k for ( k , v ) in list ( d . items ( ) ) }


",{'swap_keys_values': 'reference.py'},{'swap_keys_values': ''},"def swap_keys_values ( d ) :
    return { v : k for ( k , v ) in list ( d . items ( ) ) }
",N/A,0.185,0.231,0.000,0.000,0.008,0.191,0.619,4,4,0.375
question_10,100,0,wrong_10_13698.py,success_wo_mut,1,1,"def swap_keys_values ( d ) :
    d = dict ( ( ( v , k ) for ( k , v ) in list ( d . items ( ) ) ) )
    print ( sorted ( list ( d . items ( ) ) , key = ( lambda x : x [ 1 ] ) ) )


","def swap_keys_values ( d ) :
    d = dict ( ( ( v , k ) for ( k , v ) in list ( d . items ( ) ) ) )
    print ( sorted ( list ( d . items ( ) ) , key = ( lambda x : x [ 1 ] ) ) )


","def swap_keys_values ( d ) :
    new_dict = dict ( ( ( v , k ) for ( k , v ) in list ( d . items ( ) ) ) )
    return new_dict


",{'swap_keys_values': 'correct_10_30444.py'},{'swap_keys_values': ''},"def swap_keys_values ( d ) :
    k = dict ( ( ( x , v ) for ( v , x ) in list ( d . items ( ) ) ) )
    return k
",N/A,0.186,0.483,0.000,0.000,0.009,0.111,0.794,4,4,0.579
question_10,100,0,wrong_10_28568.py,success_wo_mut,1,1,"def swap_keys_values ( d ) :
    d = dict ( ( ( v , k ) for ( k , v ) in list ( d . items ( ) ) ) )
    print ( new_dict )


","def swap_keys_values ( d ) :
    d = dict ( ( ( v , k ) for ( k , v ) in list ( d . items ( ) ) ) )
    print ( new_dict )


","def swap_keys_values ( d ) :
    new_dict = dict ( ( ( v , k ) for ( k , v ) in list ( d . items ( ) ) ) )
    return new_dict


",{'swap_keys_values': 'correct_10_30444.py'},{'swap_keys_values': ''},"def swap_keys_values ( d ) :
    ref_new_dict = dict ( ( ( v , k ) for ( k , v ) in list ( d . items ( ) ) ) )
    return ref_new_dict
",N/A,0.188,0.171,0.000,0.000,0.009,0.126,0.498,4,4,0.200
question_10,100,0,wrong_10_30246.py,success_wo_mut,1,1,"def swap_keys_values ( d ) :
    d = dict ( ( ( v , k ) for ( k , v ) in list ( d . items ( ) ) ) )
    new_dict = sorted ( list ( d . items ( ) ) , key = ( lambda t : t [ 0 ] ) )
    print ( new_dict )


","def swap_keys_values ( d ) :
    d = dict ( ( ( v , k ) for ( k , v ) in list ( d . items ( ) ) ) )
    new_dict = sorted ( list ( d . items ( ) ) , key = ( lambda t : t [ 0 ] ) )
    print ( new_dict )


","def swap_keys_values ( d ) :
    new_dict = dict ( ( ( v , k ) for ( k , v ) in list ( d . items ( ) ) ) )
    return new_dict


",{'swap_keys_values': 'correct_10_30444.py'},{'swap_keys_values': ''},"def swap_keys_values ( d ) :
    t = dict ( ( ( v , new_dict ) for ( new_dict , v ) in list ( d . items ( ) ) ) )
    return t
",N/A,0.191,0.513,0.000,0.000,0.010,0.261,0.981,4,4,0.537
question_10,100,0,wrong_10_29351.py,fail_other,1,1,"def swap_keys_values ( d ) :
    d = dict ( ( ( v , k ) for ( k , v ) in list ( d . items ( ) ) ) )
    d = collections . OrderedDict ( sorted ( list ( d . items ( ) ) , key = ( lambda t : t [ 0 ] ) ) )
    print ( d )


","def swap_keys_values ( d ) :
    d = dict ( ( ( v , k ) for ( k , v ) in list ( d . items ( ) ) ) )
    d = collections . OrderedDict ( sorted ( list ( d . items ( ) ) , key = ( lambda t : t [ 0 ] ) ) )
    print ( d )


","def swap_keys_values ( a ) :
    new_dict = { v : k for ( k , v ) in list ( a . items ( ) ) }
    print ( type ( sorted ( new_dict . items ( ) ) ) )
    return new_dict


",{'swap_keys_values': 'correct_10_5464.py'},{'swap_keys_values': ''},"def swap_keys_values ( d ) :
    k = { t : v for ( v , t ) in list ( d . items ( ) ) }
    print ( type ( sorted ( k . items ( ) ) ) )
    return k
",N/A,0.188,0.557,0.000,0.000,0.010,0.250,1.011,0,4,N/A
question_10,100,0,wrong_10_37561.py,success_wo_mut,1,1,"def swap_keys_values ( dictionary_descriptor ) :
    new_dictionary = { }
    for ( keys , values ) in dictionary_descriptor :
        new_dictionary [ values ] = keys


","def swap_keys_values ( dictionary_descriptor ) :
    new_dictionary = { }
    for ( keys , values ) in dictionary_descriptor :
        new_dictionary [ values ] = keys


","def swap_keys_values ( dictionary_descriptor ) :
    new_dictionary = { }
    for ( keys , values ) in list ( dictionary_descriptor . items ( ) ) :
        new_dictionary [ values ] = keys
    return new_dictionary


",{'swap_keys_values': 'correct_10_14262.py'},{'swap_keys_values': ''},"def swap_keys_values ( dictionary_descriptor ) :
    new_dictionary = { }
    for ( keys , values ) in list ( dictionary_descriptor . items ( ) ) :
        new_dictionary [ values ] = keys
    return new_dictionary
",N/A,0.189,0.270,0.000,0.000,0.013,0.005,0.481,4,4,0.353
question_10,100,0,wrong_10_13268.py,success_wo_mut,1,1,"def swap_keys_values ( d ) :
    new = { }
    for ( z , q ) in list ( d . items ( ) ) :
        new [ q ] = z
    return list ( new . items ( ) )


","def swap_keys_values ( d ) :
    new = { }
    for ( z , q ) in list ( d . items ( ) ) :
        new [ q ] = z
    return list ( new . items ( ) )


","def swap_keys_values ( d ) :
    new_dict = { }
    for ( z , q ) in list ( d . items ( ) ) :
        new_dict [ q ] = z
    return new_dict


",{'swap_keys_values': 'correct_10_34832.py'},{'swap_keys_values': ''},"def swap_keys_values ( d ) :
    new = { }
    for ( z , q ) in list ( d . items ( ) ) :
        new [ q ] = z
    return new
",N/A,0.190,0.356,0.000,0.000,0.016,0.081,0.647,4,4,0.148
question_10,100,0,wrong_10_14170.py,success_wo_mut,1,1,"def swap_keys_values ( d ) :
    new = { }
    for ( z , q ) in list ( d . items ( ) ) :
        new [ q ] = z
    return list ( new . items ( ) )


","def swap_keys_values ( d ) :
    new = { }
    for ( z , q ) in list ( d . items ( ) ) :
        new [ q ] = z
    return list ( new . items ( ) )


","def swap_keys_values ( d ) :
    new_dict = { }
    for ( z , q ) in list ( d . items ( ) ) :
        new_dict [ q ] = z
    return new_dict


",{'swap_keys_values': 'correct_10_34832.py'},{'swap_keys_values': ''},"def swap_keys_values ( d ) :
    new = { }
    for ( z , q ) in list ( d . items ( ) ) :
        new [ q ] = z
    return new
",N/A,0.186,0.357,0.000,0.000,0.015,0.072,0.635,4,4,0.148
question_10,100,0,wrong_10_40958.py,success_wo_mut,1,1,"def swap_keys_values ( d ) :
    for ( k , v ) in list ( d . items ( ) ) :
        ( k , v ) = ( v , k )
    return d


","def swap_keys_values ( d ) :
    for ( k , v ) in list ( d . items ( ) ) :
        ( k , v ) = ( v , k )
    return d


","def swap_keys_values ( d ) :
    nd = { }
    for ( k , v ) in list ( d . items ( ) ) :
        nd [ v ] = k
    return nd


",{'swap_keys_values': 'correct_10_448.py'},{'swap_keys_values': ''},"def swap_keys_values ( d ) :
    ref_nd = { }
    for ( k , v ) in list ( d . items ( ) ) :
        ref_nd [ v ] = k
    return ref_nd
",N/A,0.186,0.345,0.000,0.000,0.014,0.237,0.787,4,4,0.364
question_10,100,0,wrong_10_18678.py,success_wo_mut,1,1,"def swap_keys_values ( d ) :
    new_d = { }
    for ( k , v ) in d :
        d1 [ v ] = k
    return new_d


","def swap_keys_values ( d ) :
    new_d = { }
    for ( k , v ) in d :
        d1 [ v ] = k
    return new_d


","def swap_keys_values ( d ) :
    new_d = { }
    for ( k , v ) in list ( d . items ( ) ) :
        new_d [ v ] = k
    return new_d


",{'swap_keys_values': 'correct_10_39665.py'},{'swap_keys_values': ''},"def swap_keys_values ( d ) :
    new_d = { }
    for ( k , v ) in list ( d . items ( ) ) :
        new_d [ v ] = k
    return new_d
",N/A,0.186,0.274,0.000,0.000,0.011,0.204,0.680,4,4,0.263
question_10,100,0,wrong_10_35363.py,success_wo_mut,1,1,"def swap_keys_values ( d ) :
    new_dict = { }
    for ( k , v ) in ( list ( d . keys ( ) ) , list ( d . values ( ) ) ) :
        new_dict [ v ] = k
    return new_dict


","def swap_keys_values ( d ) :
    new_dict = { }
    for ( k , v ) in ( list ( d . keys ( ) ) , list ( d . values ( ) ) ) :
        new_dict [ v ] = k
    return new_dict


","def swap_keys_values ( d ) :
    new_dict = { }
    for ( k , v ) in list ( d . items ( ) ) :
        new_dict [ v ] = k
    return new_dict


",{'swap_keys_values': 'correct_10_3561.py'},{'swap_keys_values': ''},"def swap_keys_values ( d ) :
    new_dict = { }
    for ( k , v ) in list ( d . items ( ) ) :
        new_dict [ v ] = k
    return new_dict
",N/A,0.188,0.342,0.000,0.000,0.011,0.005,0.551,4,4,0.207
question_10,100,0,wrong_10_6271.py,fail_other,1,1,"def swap_keys_values ( d ) :
    new_dict = { v : k for ( k , v ) in list ( d . items ( ) ) }
    print ( sorted ( new_dict . items ( ) ) )


","def swap_keys_values ( d ) :
    new_dict = { v : k for ( k , v ) in list ( d . items ( ) ) }
    print ( sorted ( new_dict . items ( ) ) )


","def swap_keys_values ( a ) :
    new_dict = { v : k for ( k , v ) in list ( a . items ( ) ) }
    print ( sorted ( new_dict . items ( ) ) )
    return new_dict


",{'swap_keys_values': 'correct_10_38570.py'},{'swap_keys_values': ''},"def swap_keys_values ( d ) :
    new_dict = { v : k for ( k , v ) in list ( d . items ( ) ) }
    print ( sorted ( new_dict . items ( ) ) )
    return new_dict
",N/A,0.186,0.291,0.000,0.000,0.010,0.142,0.634,0,4,N/A
question_10,100,0,wrong_10_17581.py,success_wo_mut,1,1,"def swap_keys_values ( d ) :
    d = dict ( ( ( v , k ) for ( k , v ) in list ( d . items ( ) ) ) )
    print ( d )


","def swap_keys_values ( d ) :
    d = dict ( ( ( v , k ) for ( k , v ) in list ( d . items ( ) ) ) )
    print ( d )


","def swap_keys_values ( d ) :
    new_dict = dict ( ( ( v , k ) for ( k , v ) in list ( d . items ( ) ) ) )
    return new_dict


",{'swap_keys_values': 'correct_10_30444.py'},{'swap_keys_values': ''},"def swap_keys_values ( d ) :
    ref_new_dict = dict ( ( ( v , k ) for ( k , v ) in list ( d . items ( ) ) ) )
    return ref_new_dict
",N/A,0.188,0.179,0.000,0.000,0.008,0.123,0.503,4,4,0.200
question_10,100,0,wrong_10_10312.py,success_wo_mut,1,1,"def swap_keys_values ( s ) :
    dictionary = { }
    for i in s :
        dictionary [ s [ i ] ] = i
        return dictionary


","def swap_keys_values ( s ) :
    dictionary = { }
    for i in s :
        dictionary [ s [ i ] ] = i
        return dictionary


","def swap_keys_values ( a ) :
    dir = { }
    for i in a :
        dir [ a [ i ] ] = i
    return dir


",{'swap_keys_values': 'correct_10_7841.py'},{'swap_keys_values': ''},"def swap_keys_values ( s ) :
    dictionary = { }
    for i in s :
        dictionary [ s [ i ] ] = i
    return dictionary
",N/A,0.186,0.245,0.000,0.000,0.010,0.135,0.580,4,4,0.105
question_10,100,0,wrong_10_31150.py,success_wo_mut,1,1,"def swap_keys_values ( d ) :
    new_d = d ( ( ( v , k ) for ( k , v ) in list ( d . items ( ) ) ) )
    return new_d


","def swap_keys_values ( d ) :
    new_d = d ( ( ( v , k ) for ( k , v ) in list ( d . items ( ) ) ) )
    return new_d


","def swap_keys_values ( d ) :
    new_dict = dict ( ( ( v , k ) for ( k , v ) in list ( d . items ( ) ) ) )
    return new_dict


",{'swap_keys_values': 'correct_10_30444.py'},{'swap_keys_values': ''},"def swap_keys_values ( d ) :
    new_d = dict ( ( ( k , v ) for ( v , k ) in list ( d . items ( ) ) ) )
    return new_d
",N/A,0.189,0.151,0.000,0.000,0.009,0.167,0.522,4,4,0.217
question_10,100,0,wrong_10_38689.py,fail_other,1,1,"def swap_keys_values ( d ) :
    new_dict = { v : k for ( k , v ) in list ( d . items ( ) ) }
    print ( sorted ( new_dict . items ( ) ) )


","def swap_keys_values ( d ) :
    new_dict = { v : k for ( k , v ) in list ( d . items ( ) ) }
    print ( sorted ( new_dict . items ( ) ) )


","def swap_keys_values ( a ) :
    new_dict = { v : k for ( k , v ) in list ( a . items ( ) ) }
    print ( sorted ( new_dict . items ( ) ) )
    return new_dict


",{'swap_keys_values': 'correct_10_38570.py'},{'swap_keys_values': ''},"def swap_keys_values ( d ) :
    new_dict = { v : k for ( k , v ) in list ( d . items ( ) ) }
    print ( sorted ( new_dict . items ( ) ) )
    return new_dict
",N/A,0.188,0.287,0.000,0.000,0.008,0.119,0.608,0,4,N/A
question_10,100,0,wrong_10_13411.py,success_wo_mut,1,1,"def swap_keys_values ( d ) :
    list ( zip ( list ( d . values ( ) ) , list ( d . keys ( ) ) ) )


","def swap_keys_values ( d ) :
    list ( zip ( list ( d . values ( ) ) , list ( d . keys ( ) ) ) )


","def swap_keys_values ( d ) :
    return dict ( list ( zip ( list ( d . values ( ) ) , list ( d . keys ( ) ) ) ) )


",{'swap_keys_values': 'correct_10_10644.py'},{'swap_keys_values': ''},"def swap_keys_values ( d ) :
    return dict ( list ( zip ( list ( d . values ( ) ) , list ( d . keys ( ) ) ) ) )
",N/A,0.186,0.173,0.000,0.000,0.008,0.072,0.443,4,4,0.158
question_10,100,0,wrong_10_13309.py,success_wo_mut,1,1,"def swap_keys_values ( dict ) :
    new_dict = { v : k for ( k , v ) in list ( dict . items ( ) ) }
    print ( [ new_dict ] )


","def swap_keys_values ( dict ) :
    new_dict = { v : k for ( k , v ) in list ( dict . items ( ) ) }
    print ( [ new_dict ] )


","def swap_keys_values ( dict ) :
    new_dict = { v : k for ( k , v ) in list ( dict . items ( ) ) }
    return new_dict


",{'swap_keys_values': 'correct_10_5744.py'},{'swap_keys_values': ''},"def swap_keys_values ( dict ) :
    new_dict = { v : k for ( k , v ) in list ( dict . items ( ) ) }
    return new_dict
",N/A,0.187,0.257,0.000,0.000,0.009,0.113,0.571,4,4,0.174
question_10,100,0,wrong_10_12972.py,success_wo_mut,1,1,"def swap_keys_values ( d ) :
    return { v : k for ( v , k ) in list ( d . items ( ) ) }


","def swap_keys_values ( d ) :
    return { v : k for ( v , k ) in list ( d . items ( ) ) }


","def swap_keys_values ( d ) :
    return { v : k for ( k , v ) in list ( d . items ( ) ) }


",{'swap_keys_values': 'reference.py'},{'swap_keys_values': ''},"def swap_keys_values ( d ) :
    return { k : v for ( v , k ) in list ( d . items ( ) ) }
",N/A,0.189,0.193,0.000,0.000,0.007,0.072,0.466,4,4,0.118
