{
  "citation": "",
  "description": "",
  "features": {
    "submission_id": {
      "dtype": "int32",
      "_type": "Value"
    },
    "func_code": {
      "dtype": "string",
      "_type": "Value"
    },
    "assignment_id": {
      "dtype": "string",
      "_type": "Value"
    },
    "func_name": {
      "dtype": "string",
      "_type": "Value"
    },
    "description": {
      "dtype": "string",
      "_type": "Value"
    },
    "test": {
      "dtype": "string",
      "_type": "Value"
    },
    "annotation": {
      "dtype": "string",
      "_type": "Value"
    },
    "user": {
      "dtype": "string",
      "_type": "Value"
    },
    "academic_year": {
      "dtype": "int32",
      "_type": "Value"
    },
    "correct": {
      "dtype": "bool",
      "_type": "Value"
    },
    "__index_level_0__": {
      "dtype": "int64",
      "_type": "Value"
    }
  },
  "homepage": "",
  "license": ""
}